# 책의 목·과(IOC World Bird List v15.2) 국명. 국가생물종목록에 같은 학명이 있으면 그 국명, 없으면 출처에 적은 이름. tools/build.py 가 읽음
rank	sci	ko	source
order	Galliformes	닭목	국가생물종목록(2025)
family	Phasianidae	꿩과	국가생물종목록(2025)
order	Anseriformes	기러기목	국가생물종목록(2025)
family	Anatidae	오리과	국가생물종목록(2025)
order	Gaviiformes	아비목	국가생물종목록(2025)
family	Gaviidae	아비과	국가생물종목록(2025)
order	Procellariiformes	슴새목	국가생물종목록(2025)
family	Diomedeidae	알바트로스과	국가생물종목록(2025)
family	Procellariidae	슴새과	국가생물종목록(2025)
order	Podicipediformes	논병아리목	국가생물종목록(2025)
family	Podicipedidae	논병아리과	국가생물종목록(2025)
order	Ciconiiformes	황새목	국가생물종목록(2025)
family	Ciconiidae	황새과	국가생물종목록(2025)
order	Pelecaniformes	사다새목	국가생물종목록(2025)
family	Threskiornithidae	저어새과	국가생물종목록(2025)
family	Ardeidae	백로과	국가생물종목록(2025)
order	Suliformes	가마우지목	한국어 위키백과 '가다랭이잡이목'(또는 가마우지목) — 이 책의 국명(가마우지과·얼가니새과)에 맞춰 가마우지목
family	Fregatidae	군함조과	국가생물종목록(2025)
family	Pelecanidae	사다새과	국가생물종목록(2025)
family	Sulidae	얼가니새과	국가생물종목록(2025)
family	Phalacrocoracidae	가마우지과	국가생물종목록(2025)
order	Falconiformes	매목	국가생물종목록(2025)
family	Falconidae	매과	국가생물종목록(2025)
order	Accipitriformes	수리목	한국어 위키백과 '수리목'
family	Pandionidae	물수리과	한국어 위키백과 '수리목'
family	Accipitridae	수리과	국가생물종목록(2025)
order	Otidiformes	느시목	한국어 위키백과 '느시과'(느시목의 유일한 과)
family	Otididae	느시과	국가생물종목록(Otidae 로 표기)
order	Gruiformes	두루미목	국가생물종목록(2025)
family	Rallidae	뜸부기과	국가생물종목록(2025)
family	Gruidae	두루미과	국가생물종목록(2025)
order	Charadriiformes	도요목	국가생물종목록(2025)
family	Turnicidae	세가락메추라기과	국가생물종목록(2025)
family	Haematopodidae	검은머리물떼새과	국가생물종목록(2025)
family	Recurvirostridae	장다리물떼새과	국가생물종목록(2025)
family	Charadriidae	물떼새과	국가생물종목록(2025)
family	Rostratulidae	호사도요과	국가생물종목록(2025)
family	Jacanidae	물꿩과	국가생물종목록(2025)
family	Scolopacidae	도요과	국가생물종목록(2025)
family	Glareolidae	제비물떼새과	국가생물종목록(2025)
family	Laridae	갈매기과	국가생물종목록(2025)
family	Stercorariidae	도둑갈매기과	국가생물종목록(2025)
family	Alcidae	바다오리과	국가생물종목록(2025)
order	Pterocliformes	사막꿩목	한국어 위키백과 '사막꿩과'
family	Pteroclidae	사막꿩과	국가생물종목록(2025)
order	Columbiformes	비둘기목	국가생물종목록(2025)
family	Columbidae	비둘기과	국가생물종목록(2025)
order	Cuculiformes	두견목	국가생물종목록(2025)
family	Cuculidae	두견과	국가생물종목록(2025)
order	Strigiformes	올빼미목	국가생물종목록(2025)
family	Strigidae	올빼미과	국가생물종목록(2025)
order	Apodiformes	칼새목	국가생물종목록(2025)
family	Apodidae	칼새과	국가생물종목록(2025)
order	Coraciiformes	파랑새목	국가생물종목록(2025)
family	Coraciidae	파랑새과	국가생물종목록(2025)
family	Alcedinidae	물총새과	국가생물종목록(2025)
order	Bucerotiformes	코뿔새목	한국어 위키백과 '코뿔새목'(후투티과 포함)
family	Upupidae	후투티과	국가생물종목록(2025)
order	Piciformes	딱다구리목	국가생물종목록(2025)
family	Picidae	딱다구리과	국가생물종목록(2025)
order	Passeriformes	참새목	국가생물종목록(2025)
family	Pittidae	팔색조과	국가생물종목록(2025)
family	Artamidae	숲제비과	국가생물종목록(2025)
family	Campephagidae	할미새사촌과	국가생물종목록(2025)
family	Laniidae	때까치과	국가생물종목록(2025)
family	Oriolidae	꾀꼬리과	국가생물종목록(2025)
family	Dicruridae	바람까마귀과	국가생물종목록(2025)
family	Monarchidae	긴꼬리딱새과	국가생물종목록(2025)
family	Corvidae	까마귀과	국가생물종목록(2025)
family	Bombycillidae	여새과	국가생물종목록(2025)
family	Paridae	박새과	국가생물종목록(2025)
family	Remizidae	스윈호오목눈이과	국가생물종목록(2025)
family	Hirundinidae	제비과	국가생물종목록(2025)
family	Aegithalidae	오목눈이과	국가생물종목록(2025)
family	Alaudidae	종다리과	국가생물종목록(2025)
family	Cisticolidae	개개비사촌과	국가생물종목록(2025)
family	Paradoxornithidae	붉은머리오목눈이과	한국어 위키백과 '붉은머리오목눈이과'(Paradoxornithidae)
family	Pycnonotidae	직박구리과	국가생물종목록(2025)
family	Locustellidae	섬개개비과	한국어 위키백과 '섬개개비과'
family	Cettiidae	휘파람새과	한국어 위키백과 '휘파람새과'(Cettiidae)
family	Phylloscopidae	솔새과	한국어 위키백과 '솔새속'(솔새과 Phylloscopidae)
family	Panuridae	수염오목눈이과	한국어 위키백과 '수염오목눈이'
family	Regulidae	상모솔새과	국가생물종목록(2025)
family	Troglodytidae	굴뚝새과	국가생물종목록(2025)
family	Sittidae	동고비과	국가생물종목록(2025)
family	Certhiidae	나무발발이과	국가생물종목록(2025)
family	Sturnidae	찌르레기과	국가생물종목록(2025)
family	Turdidae	지빠귀과	국가생물종목록(2025)
family	Muscicapidae	솔딱새과	국가생물종목록(2025)
family	Cinclidae	물까마귀과	국가생물종목록(2025)
family	Passeridae	참새과	국가생물종목록(2025)
family	Estrildidae	납부리새과	국가생물종목록(2025)
family	Prunellidae	바위종다리과	국가생물종목록(2025)
family	Motacillidae	할미새과	국가생물종목록(2025)
family	Fringillidae	되새과	국가생물종목록(2025)
family	Emberizidae	멧새과	국가생물종목록(2025)
family	Calcariidae	긴발톱멧새과	한국어 위키백과 '긴발톱멧새과'
family	Passerellidae	신대륙참새과	한국어 위키백과 '멧새상과'
family	Zosteropidae	동박새과	국가생물종목록(2025)
family	Tytonidae	가면올빼미과	국가생물종목록(2025)
order	Caprimulgiformes	쏙독새목	국가생물종목록(2025)
family	Caprimulgidae	쏙독새과	국가생물종목록(2025)
family	Acrocephalidae	개개비과	국가생물종목록(2025)
family	Sylviidae	흰턱딱새과	한국어 위키백과 '흰턱딱새과' — 국가생물종목록의 '휘파람새과 Sylviidae'는 넓은 옛 뜻
family	Stenostiridae	요정딱새과	국가생물종목록(2025)
family	Hydrobatidae	바다제비과	국가생물종목록(2025)
